"","(sort(p.adjust(result_KS, method = ""bonferroni"")))"
"AreaShape_Compactness",0
"AreaShape_Eccentricity",0
"AreaShape_Extent",0
"AreaShape_FormFactor",0
"AreaShape_MajorAxisLength",0
"AreaShape_MaxFeretDiameter",0
"AreaShape_MaximumRadius",0
"AreaShape_MeanRadius",0
"AreaShape_MedianRadius",0
"AreaShape_MinFeretDiameter",0
"AreaShape_MinorAxisLength",0
"AreaShape_Zernike_0_0",0
"AreaShape_Zernike_1_1",0
"AreaShape_Zernike_2_2",0
"AreaShape_Zernike_3_3",0
"AreaShape_Zernike_4_0",0
"AreaShape_Zernike_4_2",0
"AreaShape_Zernike_5_5",0
"AreaShape_Zernike_6_4",0
"AreaShape_Zernike_6_6",0
"AreaShape_Zernike_7_1",0
"AreaShape_Zernike_7_7",0
"AreaShape_Zernike_8_6",0
"AreaShape_Zernike_8_8",0
"AreaShape_Zernike_9_9",0
"Children_FilteredChromatin_Count",0
"Intensity_IntegratedIntensityEdge_Rhodamine",0
"Intensity_IntegratedIntensity_Rhodamine",0
"Intensity_LowerQuartileIntensity_DNA",0
"Intensity_LowerQuartileIntensity_Rhodamine",0
"Intensity_MADIntensity_DNA",0
"Intensity_MADIntensity_Rhodamine",0
"Intensity_MaxIntensityEdge_DNA",0
"Intensity_MaxIntensityEdge_Rhodamine",0
"Intensity_MaxIntensity_Rhodamine",0
"Intensity_MeanIntensityEdge_DNA",0
"Intensity_MeanIntensityEdge_Rhodamine",0
"Intensity_MeanIntensity_Rhodamine",0
"Intensity_MedianIntensity_DNA",0
"Intensity_MedianIntensity_Rhodamine",0
"Intensity_MinIntensityEdge_DNA",0
"Intensity_MinIntensityEdge_Rhodamine",0
"Intensity_MinIntensity_DNA",0
"Intensity_MinIntensity_Rhodamine",0
"Intensity_StdIntensityEdge_DNA",0
"Intensity_StdIntensity_Rhodamine",0
"Intensity_UpperQuartileIntensity_Rhodamine",0
"Math_AspectRatio",0
"Math_MaxFeretMicron",0
"Math_MinFeretMicron",0
"Math_TotalChromatinPerimeter",0
"Mean_FilteredChromatin_AreaShape_Area",0
"Mean_FilteredChromatin_AreaShape_MajorAxisLength",0
"Mean_FilteredChromatin_AreaShape_MaxFeretDiameter",0
"Mean_FilteredChromatin_AreaShape_MedianRadius",0
"Mean_FilteredChromatin_AreaShape_MinFeretDiameter",0
"Mean_FilteredChromatin_AreaShape_Perimeter",0
"Mean_FilteredChromatin_AreaShape_Zernike_2_2",0
"Mean_FilteredChromatin_Intensity_IntegratedIntensityEdge_Rhodamine",0
"Mean_FilteredChromatin_Intensity_IntegratedIntensity_DNA",0
"Mean_FilteredChromatin_Intensity_LowerQuartileIntensity_Rhodamine",0
"Mean_FilteredChromatin_Intensity_MADIntensity_DNA",0
"Mean_FilteredChromatin_Intensity_MassDisplacement_Rhodamine",0
"Mean_FilteredChromatin_Intensity_MaxIntensityEdge_Rhodamine",0
"Mean_FilteredChromatin_Intensity_MaxIntensity_Rhodamine",0
"Mean_FilteredChromatin_Intensity_MeanIntensityEdge_Rhodamine",0
"Mean_FilteredChromatin_Intensity_MeanIntensity_Rhodamine",0
"Mean_FilteredChromatin_Intensity_MedianIntensity_Rhodamine",0
"Mean_FilteredChromatin_Intensity_MinIntensityEdge_Rhodamine",0
"Mean_FilteredChromatin_Intensity_MinIntensity_Rhodamine",0
"Mean_FilteredChromatin_Intensity_UpperQuartileIntensity_Rhodamine",0
"Mean_FilteredChromatin_Number_Object_Number",0
"Mean_FilteredChromatin_Intensity_MedianIntensity_DNA",1.84297022087776e-14
"Math_TotalChromatinMaxFeret",3.68594044175552e-14
"Mean_FilteredChromatin_Intensity_UpperQuartileIntensity_DNA",5.52891066263328e-14
"Mean_FilteredChromatin_AreaShape_EulerNumber",2.39586128714109e-13
"Mean_FilteredChromatin_AreaShape_MeanRadius",7.04014624375304e-12
"Mean_FilteredChromatin_Intensity_MeanIntensity_DNA",1.42645895095939e-11
"Mean_FilteredChromatin_AreaShape_Zernike_6_6",1.69921854364929e-11
"Mean_FilteredChromatin_AreaShape_MinorAxisLength",5.64870372699033e-11
"AreaShape_Zernike_2_0",8.07773847810722e-11
"Mean_FilteredChromatin_AreaShape_Zernike_4_2",6.4076388639478e-10
"AreaShape_Zernike_4_4",6.65625554674421e-10
"Mean_FilteredChromatin_Intensity_IntegratedIntensity_Rhodamine",1.62866964359409e-09
"Mean_FilteredChromatin_AreaShape_MaximumRadius",2.03235384077516e-09
"Intensity_StdIntensityEdge_Rhodamine",6.65238530928036e-09
"Mean_FilteredChromatin_Intensity_IntegratedIntensityEdge_DNA",8.50973069788097e-09
"Mean_FilteredChromatin_AreaShape_FormFactor",9.94874027604453e-09
"Mean_FilteredChromatin_AreaShape_Zernike_4_4",2.12450972369993e-08
"Intensity_IntegratedIntensity_DNA",2.19100777520964e-08
"AreaShape_Solidity",3.25922280275392e-08
"Intensity_IntegratedIntensityEdge_DNA",4.36464002717685e-08
"Mean_FilteredChromatin_Intensity_StdIntensity_DNA",1.37361211161036e-06
"Mean_FilteredChromatin_Intensity_MADIntensity_Rhodamine",7.57859422884088e-06
"AreaShape_Zernike_9_1",9.30350084704656e-06
"AreaShape_Area",1.42752679186398e-05
"Math_AreaSquareMicron",1.42752679186398e-05
"Mean_FilteredChromatin_AreaShape_Solidity",2.79287348796675e-05
"AreaShape_Zernike_9_3",3.42391052954305e-05
"Parent_Spindles",4.67412678932799e-05
"Mean_FilteredChromatin_Intensity_MaxIntensity_DNA",5.67313660981839e-05
"Mean_FilteredChromatin_AreaShape_Eccentricity",5.92986460448142e-05
"Mean_FilteredChromatin_Intensity_StdIntensity_Rhodamine",9.12843502873795e-05
"Intensity_StdIntensity_DNA",0.000103729659889362
"Mean_FilteredChromatin_Intensity_LowerQuartileIntensity_DNA",0.000239576908002359
"Intensity_MaxIntensity_DNA",0.000662255700875747
"AreaShape_Zernike_3_1",0.00159105000120707
"Mean_FilteredChromatin_Intensity_StdIntensityEdge_Rhodamine",0.00178749090829822
"AreaShape_Zernike_7_3",0.00190799728541458
"Intensity_UpperQuartileIntensity_DNA",0.00344821522780259
"AreaShape_Perimeter",0.00673718639893606
"Math_TotalChromatinIntegratedIntensity",0.00941297325505586
"AreaShape_Zernike_9_5",0.0100655176223245
"Math_BeadAreaEquiv",0.016135389875733
"Math_TotalChromatinArea",0.016135389875733
"Mean_FilteredChromatin_AreaShape_Zernike_8_8",0.0168235784862758
"Mean_FilteredChromatin_Intensity_MassDisplacement_DNA",0.0171956168129894
"Mean_FilteredChromatin_Intensity_MinIntensity_DNA",0.0255882721721736
"Mean_FilteredChromatin_Intensity_MinIntensityEdge_DNA",0.0297141966212102
"Intensity_MeanIntensity_DNA",0.0298274986580878
"Mean_FilteredChromatin_AreaShape_Zernike_4_0",0.102105507948822
"AreaShape_Zernike_8_2",0.166105042444714
"AreaShape_Zernike_5_1",0.214736866783126
"Math_SpindletoChromatinArea",0.24293175614448
"AreaShape_Zernike_5_3",0.458640838552854
"AreaShape_Orientation",0.820107843746428
"Mean_FilteredChromatin_AreaShape_Zernike_6_0",0.862429741433417
"AreaShape_Zernike_7_5",0.986433888264026
"AreaShape_EulerNumber",1
"AreaShape_Zernike_6_0",1
"AreaShape_Zernike_6_2",1
"AreaShape_Zernike_8_0",1
"AreaShape_Zernike_8_4",1
"AreaShape_Zernike_9_7",1
"Intensity_MassDisplacement_DNA",1
"Intensity_MassDisplacement_Rhodamine",1
"Mean_FilteredChromatin_AreaShape_Compactness",1
"Mean_FilteredChromatin_AreaShape_Extent",1
"Mean_FilteredChromatin_AreaShape_Orientation",1
"Mean_FilteredChromatin_AreaShape_Zernike_0_0",1
"Mean_FilteredChromatin_AreaShape_Zernike_1_1",1
"Mean_FilteredChromatin_AreaShape_Zernike_2_0",1
"Mean_FilteredChromatin_AreaShape_Zernike_3_1",1
"Mean_FilteredChromatin_AreaShape_Zernike_3_3",1
"Mean_FilteredChromatin_AreaShape_Zernike_5_1",1
"Mean_FilteredChromatin_AreaShape_Zernike_5_3",1
"Mean_FilteredChromatin_AreaShape_Zernike_5_5",1
"Mean_FilteredChromatin_AreaShape_Zernike_6_2",1
"Mean_FilteredChromatin_AreaShape_Zernike_6_4",1
"Mean_FilteredChromatin_AreaShape_Zernike_7_1",1
"Mean_FilteredChromatin_AreaShape_Zernike_7_3",1
"Mean_FilteredChromatin_AreaShape_Zernike_7_5",1
"Mean_FilteredChromatin_AreaShape_Zernike_7_7",1
"Mean_FilteredChromatin_AreaShape_Zernike_8_0",1
"Mean_FilteredChromatin_AreaShape_Zernike_8_2",1
"Mean_FilteredChromatin_AreaShape_Zernike_8_4",1
"Mean_FilteredChromatin_AreaShape_Zernike_8_6",1
"Mean_FilteredChromatin_AreaShape_Zernike_9_1",1
"Mean_FilteredChromatin_AreaShape_Zernike_9_3",1
"Mean_FilteredChromatin_AreaShape_Zernike_9_5",1
"Mean_FilteredChromatin_AreaShape_Zernike_9_7",1
"Mean_FilteredChromatin_AreaShape_Zernike_9_9",1
"Mean_FilteredChromatin_Intensity_MaxIntensityEdge_DNA",1
"Mean_FilteredChromatin_Intensity_MeanIntensityEdge_DNA",1
"Mean_FilteredChromatin_Intensity_StdIntensityEdge_DNA",1
"Euclidian_norm_centers",1
